ID,Sleep_Duration
3,6.052992587535471
234,6.4837726610442985
187,6.63026262390151
220,6.164400040149983
106,7.722015534621593
192,7.691404040931118
319,8.454722489705613
109,7.216989548070128
372,6.099079329739929
132,7.787071125477648
76,6.977851252283655
193,6.432798742495409
66,8.443543285005694
349,8.118165096531309
266,6.518798667907495
290,7.711092387565918
353,7.717821478397029
367,7.764527175119879
211,7.254146133669807
74,5.915420001336157
341,7.729753330908899
231,7.333879546549243
281,6.090926440319324
55,8.441119076823867
180,6.094217338075733
87,6.792103004796587
20,7.668455353858489
206,7.719793861744887
121,8.069585723198191
227,7.698762316714923
126,8.426848548744244
238,6.5421381070820015
261,6.628303562006053
198,8.062084969037908
310,6.933961850181335
246,5.935220142052594
325,7.22671299567663
271,7.2642143863632604
136,7.173580681345847
144,6.3343475246509096
331,6.046199343308408
108,7.074683203173058
282,7.203226216092513
189,7.693453628346964
213,7.275414320967535
184,6.627391888901725
170,7.701840155404735
222,7.718144788807892
142,6.011985354680788
118,6.512726233321171
257,6.568402419786892
289,6.103101487495671
37,6.062876428238337
362,6.094353497476912
112,6.69683370981442
57,7.73900382210307
72,8.454382625457741
69,6.3434462391642406
34,7.336927414714754
71,7.157356737190768
130,6.1168061981465724
374,7.3520541162140685
258,6.841930159583436
62,7.256559146597729
110,6.992196149416298
287,7.547722952413121
330,7.711083431703611
123,8.421011576015301
111,7.1753123424037915
49,7.3439715707293125
133,6.619710706357081
283,8.405584912560691
86,6.34416093437086
165,6.578742979851985
329,6.049345722557375
181,6.976161657224688
8,6.645763899852693
107,6.086320134189427
269,8.080733030863076
355,6.432740260731134
46,8.441119076823867
104,7.148342666279732
83,8.067375228239618
244,6.109034479189023
210,6.046305095307428
42,6.489213783908769
294,8.44299376122255
254,7.622155018828516
322,6.117350229255441
247,7.71994855579134
298,8.44515355821678
5,6.871739310668053
138,6.432987436287542
80,6.5765645388695475
21,6.069838118915204
22,6.189670693385805
96,7.1897553115140305
116,6.460359541202558
43,5.984831878279438
162,7.256748114438555
78,6.414410990913494
17,6.01416511738306
357,6.037828366938876
29,8.113994176353641
143,7.157669486253997
280,6.023832496693377
221,7.078843620985729
65,7.715277446396382
224,8.096051097890172
10,7.705941254176812
35,7.681802167096108
285,6.397367497300832
31,8.110506177813118
166,6.579459580631287
28,7.680286831474305
19,8.44299376122255
89,8.402193160618877
309,6.038855671866841
158,6.061378451480422
23,7.797430906483029
342,6.433603951786325
299,6.3472586000057785
248,6.577328117980921
188,6.597310485364453
173,8.102370358957213
200,8.426848548744244
232,7.320807934578628
25,7.182263979886
95,8.43019420576811
196,7.105417934515286
167,8.081423615044313
164,7.7609054501851045
364,7.716545723612921
259,7.240535638259809
84,7.1017568129289685
320,7.784283183288251
172,6.086389243399047
197,6.457210757681532
182,7.693657785454764
208,6.85089979978537
127,7.798642070250869
1,6.124438697809927
153,6.325399675982991
44,7.237971174424128
154,7.788080288384101
195,8.201964029350778
52,7.152125650567711
315,8.44299376122255
30,7.793505071316275
346,7.149137972789406
120,6.424040067801798
335,8.44577074872689
241,7.274882969596673
12,6.0602604296283875
235,7.704044736993245
359,7.23257794289343
56,8.11891004513921
312,7.509655778084609
361,7.1742427734719385
264,6.104553261173831
318,6.464420342577675
212,6.427752863523082
11,7.176295484602815
150,6.682677998376761
369,7.273702693789797
313,7.224225829691497
337,7.726763533422054
54,8.073111048299152
26,6.286645994016812
356,7.222906288328325
216,6.084660809668927
63,6.360377138682686
326,7.769258781748048
79,7.747021482557555
288,7.213375764466465
41,8.431976355029223
75,6.303683029411489
251,6.044595035747119
152,6.431227636170476
223,7.240574971386925
183,8.070356888191101
93,6.587305645660597
352,6.081057081608831
302,7.754499159782797
103,6.59458388248922
124,6.053135500803599
272,6.05508400205595
194,7.17942279894987
73,7.729180619187456
333,7.919603595069933
306,7.799530450430868
323,6.566657340935171
38,6.042091591538666
32,6.60281618459819
